[
{
  "model": "auth.group",
  "fields": {
    "name": "Project Manager",
    "permissions": [
      [
        "add_project",
        "tracker_app",
        "project"
      ],
      [
        "change_project",
        "tracker_app",
        "project"
      ],
      [
        "delete_project",
        "tracker_app",
        "project"
      ],
      [
        "view_project",
        "tracker_app",
        "project"
      ],
      [
        "add_task",
        "tracker_app",
        "task"
      ],
      [
        "change_task",
        "tracker_app",
        "task"
      ],
      [
        "delete_task",
        "tracker_app",
        "task"
      ]
    ]
  }
},
{
  "model": "auth.group",
  "fields": {
    "name": "Team Lead",
    "permissions": [
      [
        "add_user",
        "auth",
        "user"
      ],
      [
        "change_user",
        "auth",
        "user"
      ],
      [
        "delete_user",
        "auth",
        "user"
      ],
      [
        "add_task",
        "tracker_app",
        "task"
      ],
      [
        "change_task",
        "tracker_app",
        "task"
      ],
      [
        "delete_task",
        "tracker_app",
        "task"
      ],
      [
        "view_task",
        "tracker_app",
        "task"
      ]
    ]
  }
},
{
  "model": "auth.group",
  "fields": {
    "name": "Developer",
    "permissions": [
      [
        "add_task",
        "tracker_app",
        "task"
      ],
      [
        "change_task",
        "tracker_app",
        "task"
      ]
    ]
  }
},
{
  "model": "auth.user",
  "fields": {
    "password": "pbkdf2_sha256$390000$B3zpBU9Is77Wq2sRB69OEl$hHS//2TsyRSB3l5xIut94UQQ+KETotQW5LtO8+av8sI=",
    "last_login": "2022-10-29T18:20:36.252Z",
    "is_superuser": true,
    "username": "admin",
    "first_name": "",
    "last_name": "",
    "email": "",
    "is_staff": true,
    "is_active": true,
    "date_joined": "2022-10-07T13:03:03.247Z",
    "groups": [],
    "user_permissions": []
  }
},
{
  "model": "auth.user",
  "fields": {
    "password": "pbkdf2_sha256$390000$lLOezyLcBmm9YuLK7Uxoth$14uUAmniuAEGa8+ZP4DCyMq61AKQt2xAIaSVnG6RR7w=",
    "last_login": "2022-10-27T18:37:19.122Z",
    "is_superuser": false,
    "username": "manager",
    "first_name": "Man",
    "last_name": "Ager",
    "email": "manager@mail.ru",
    "is_staff": false,
    "is_active": true,
    "date_joined": "2022-10-26T08:01:31Z",
    "groups": [
      [
        "Project Manager"
      ]
    ],
    "user_permissions": []
  }
},
{
  "model": "auth.user",
  "fields": {
    "password": "pbkdf2_sha256$390000$7cJdnMKXuS9HdpkGkvQaFP$yXNaKMwnpzCNYr2MyYrWeohaVWX+XJOs+HzI8eR0G00=",
    "last_login": "2022-10-26T08:15:33Z",
    "is_superuser": false,
    "username": "lead",
    "first_name": "Le",
    "last_name": "Ader",
    "email": "lead@gmail.com",
    "is_staff": false,
    "is_active": true,
    "date_joined": "2022-10-26T08:15:33Z",
    "groups": [
      [
        "Team Lead"
      ]
    ],
    "user_permissions": []
  }
},
{
  "model": "auth.user",
  "fields": {
    "password": "pbkdf2_sha256$390000$fzaij1fLIxkboZ8t9M7c6M$8MT4csJIXYnbwkcSxHgYeHKu7ya0iX48hVsiNQdg7T8=",
    "last_login": "2022-10-26T08:16:57Z",
    "is_superuser": false,
    "username": "dev",
    "first_name": "Deve",
    "last_name": "Loper",
    "email": "dev@mail.com",
    "is_staff": false,
    "is_active": true,
    "date_joined": "2022-10-26T08:16:57Z",
    "groups": [
      [
        "Developer"
      ]
    ],
    "user_permissions": []
  }
},
{
  "model": "sessions.session",
  "pk": "491aj5d78lrvddi737vqn1hg3uumgfu4",
  "fields": {
    "session_data": ".eJxVjMsOwiAQRf-FtSEMUB4u3fsNZBimUjU0Ke3K-O_apAvd3nPOfYmE21rT1nlJUxFnocXpd8tID247KHdst1nS3NZlynJX5EG7vM6Fn5fD_Tuo2Ou3ZnAxO0dAChVbhGDRq0jGcojOgOExjGXI2SPZUMghRI0BDYAevPbi_QHigjeb:1ony2W:ebEm-Z-3dwMngvuVcXq3EVstmLCKzgHFrH4xMOoa-SA",
    "expire_date": "2022-11-10T08:15:00.616Z"
  }
},
{
  "model": "sessions.session",
  "pk": "ajswz37dmwf742axmrbcjstttj6dwjz7",
  "fields": {
    "session_data": ".eJxVjMsOwiAQRf-FtSEMUB4u3fsNZBimUjU0Ke3K-O_apAvd3nPOfYmE21rT1nlJUxFnocXpd8tID247KHdst1nS3NZlynJX5EG7vM6Fn5fD_Tuo2Ou3ZnAxO0dAChVbhGDRq0jGcojOgOExjGXI2SPZUMghRI0BDYAevPbi_QHigjeb:1oo0Wc:SigFNB9nEAGQ88zk8w3gspMRm97uoWvqVWowpQrULZM",
    "expire_date": "2022-11-10T10:54:14.580Z"
  }
},
{
  "model": "sessions.session",
  "pk": "dyuxea42vuny35nwaqme4i2od2iek0rb",
  "fields": {
    "session_data": ".eJxVjEEOwiAQRe_C2hAoUAaX7j0DGYZBqoYmpV0Z765NutDtf-_9l4i4rTVunZc4ZXEWWpx-t4T04LaDfMd2myXNbV2mJHdFHrTL65z5eTncv4OKvX7r4pJJRimwmthS0FY7b5nIqgymQHZ5BGRwXgUHSQ9hBGXRF_IegxnE-wPQQjci:1ogn0p:4a-r5bkBRxqF0CqOk_pZOQTIIrt9xfQ-W1bRpnXOjOU",
    "expire_date": "2022-10-21T13:03:35.493Z"
  }
},
{
  "model": "sessions.session",
  "pk": "ik9umdm48nr62gobuyphgg7ymrhpl94g",
  "fields": {
    "session_data": ".eJxVjEEOwiAQRe_C2hAoUAaX7j0DGYZBqoYmpV0Z765NutDtf-_9l4i4rTVunZc4ZXEWWpx-t4T04LaDfMd2myXNbV2mJHdFHrTL65z5eTncv4OKvX7r4pJJRimwmthS0FY7b5nIqgymQHZ5BGRwXgUHSQ9hBGXRF_IegxnE-wPQQjci:1onbya:APUz5ny2b7Ekw_gGYemYyXKduHIPbSpqGQFbU-uctJc",
    "expire_date": "2022-11-09T08:41:28.925Z"
  }
},
{
  "model": "sessions.session",
  "pk": "txwqaomfupjdpel7w1b9xj9qbd7cruf5",
  "fields": {
    "session_data": ".eJxVjEEOwiAQRe_C2hAoUAaX7j0DGYZBqoYmpV0Z765NutDtf-_9l4i4rTVunZc4ZXEWWpx-t4T04LaDfMd2myXNbV2mJHdFHrTL65z5eTncv4OKvX7r4pJJRimwmthS0FY7b5nIqgymQHZ5BGRwXgUHSQ9hBGXRF_IegxnE-wPQQjci:1ooqRg:5DKm_-dCHtULOSvHyAup8-AsZTQCtGqRhxj7Z_W_BbU",
    "expire_date": "2022-11-12T18:20:36.254Z"
  }
},
{
  "model": "sessions.session",
  "pk": "xqn8e4stqom8bw5m9i3fq9n5wer2045y",
  "fields": {
    "session_data": ".eJxVjEEOwiAQRe_C2hAoUAaX7j0DGYZBqoYmpV0Z765NutDtf-_9l4i4rTVunZc4ZXEWWpx-t4T04LaDfMd2myXNbV2mJHdFHrTL65z5eTncv4OKvX7r4pJJRimwmthS0FY7b5nIqgymQHZ5BGRwXgUHSQ9hBGXRF_IegxnE-wPQQjci:1onJK5:JvzThs6PQTI0RpGQj8fswDvHBpqk5n0SVz3Mr8320xw",
    "expire_date": "2022-11-08T12:46:25.820Z"
  }
},
{
  "model": "tracker_app.task",
  "pk": 1,
  "fields": {
    "summary": "Bug in app",
    "description": "By client was checked bug in the app for section create",
    "status": 1,
    "project": null,
    "created_at": "2022-10-06T20:15:27.802Z",
    "changed_at": "2022-10-07T13:00:02.772Z",
    "deleted_at": "2022-10-07T13:00:02.772Z",
    "is_deleted": true,
    "type": []
  }
},
{
  "model": "tracker_app.task",
  "pk": 2,
  "fields": {
    "summary": "sdfsd111",
    "description": "Wash the car",
    "status": 2,
    "project": null,
    "created_at": "2022-10-10T10:47:22.978Z",
    "changed_at": "2022-10-13T16:54:50.448Z",
    "deleted_at": "2022-10-13T16:54:50.447Z",
    "is_deleted": true,
    "type": [
      1
    ]
  }
},
{
  "model": "tracker_app.task",
  "pk": 3,
  "fields": {
    "summary": "dcsdcsd",
    "description": "Wash",
    "status": 2,
    "project": null,
    "created_at": "2022-10-10T10:47:56.436Z",
    "changed_at": "2022-10-13T16:55:07.265Z",
    "deleted_at": "2022-10-13T16:55:07.265Z",
    "is_deleted": true,
    "type": [
      1,
      2,
      3
    ]
  }
},
{
  "model": "tracker_app.task",
  "pk": 4,
  "fields": {
    "summary": "Isa",
    "description": "Isa",
    "status": 1,
    "project": null,
    "created_at": "2022-10-10T10:59:30.852Z",
    "changed_at": "2022-10-10T10:59:30.853Z",
    "deleted_at": null,
    "is_deleted": false,
    "type": [
      2,
      3
    ]
  }
},
{
  "model": "tracker_app.task",
  "pk": 5,
  "fields": {
    "summary": "pppppppppppppppppppppppppppppppppppppppppppppppppppppppppppppppppppppppppppppppppppppppppppppppppppp",
    "description": "Cake",
    "status": 1,
    "project": null,
    "created_at": "2022-10-11T11:34:35.685Z",
    "changed_at": "2022-10-11T11:34:50.183Z",
    "deleted_at": "2022-10-11T11:34:50.183Z",
    "is_deleted": true,
    "type": [
      2
    ]
  }
},
{
  "model": "tracker_app.task",
  "pk": 6,
  "fields": {
    "summary": "Gggg",
    "description": "ssss",
    "status": 1,
    "project": null,
    "created_at": "2022-10-14T09:51:44.385Z",
    "changed_at": "2022-10-14T09:51:44.385Z",
    "deleted_at": null,
    "is_deleted": false,
    "type": [
      2,
      3
    ]
  }
},
{
  "model": "tracker_app.task",
  "pk": 7,
  "fields": {
    "summary": "Fffff",
    "description": "Go to work",
    "status": 3,
    "project": null,
    "created_at": "2022-10-14T09:52:54.790Z",
    "changed_at": "2022-10-14T09:52:54.790Z",
    "deleted_at": null,
    "is_deleted": false,
    "type": [
      1
    ]
  }
},
{
  "model": "tracker_app.task",
  "pk": 8,
  "fields": {
    "summary": "Pppp",
    "description": "hhhhhh",
    "status": 2,
    "project": null,
    "created_at": "2022-10-14T09:53:13.719Z",
    "changed_at": "2022-10-14T09:53:13.719Z",
    "deleted_at": null,
    "is_deleted": false,
    "type": [
      1,
      2
    ]
  }
},
{
  "model": "tracker_app.task",
  "pk": 9,
  "fields": {
    "summary": "Kkkk",
    "description": "Jjjjj",
    "status": 2,
    "project": null,
    "created_at": "2022-10-14T09:53:35.605Z",
    "changed_at": "2022-10-29T18:18:28.749Z",
    "deleted_at": "2022-10-29T18:18:28.749Z",
    "is_deleted": true,
    "type": [
      2,
      3
    ]
  }
},
{
  "model": "tracker_app.task",
  "pk": 10,
  "fields": {
    "summary": "Llll",
    "description": "Lllll",
    "status": 3,
    "project": null,
    "created_at": "2022-10-14T09:54:08.177Z",
    "changed_at": "2022-10-14T09:54:08.177Z",
    "deleted_at": null,
    "is_deleted": false,
    "type": [
      1,
      2,
      3
    ]
  }
},
{
  "model": "tracker_app.task",
  "pk": 11,
  "fields": {
    "summary": "Vvvv",
    "description": "Vvvv",
    "status": 3,
    "project": null,
    "created_at": "2022-10-14T09:54:29.022Z",
    "changed_at": "2022-10-14T09:54:29.022Z",
    "deleted_at": null,
    "is_deleted": false,
    "type": [
      1
    ]
  }
},
{
  "model": "tracker_app.task",
  "pk": 12,
  "fields": {
    "summary": "Qqqq",
    "description": "qqqqqq",
    "status": 1,
    "project": null,
    "created_at": "2022-10-14T09:54:44.592Z",
    "changed_at": "2022-10-14T09:54:44.592Z",
    "deleted_at": null,
    "is_deleted": false,
    "type": [
      1,
      2,
      3
    ]
  }
},
{
  "model": "tracker_app.task",
  "pk": 13,
  "fields": {
    "summary": "Rrrr",
    "description": "ggbjknbhbk",
    "status": 1,
    "project": null,
    "created_at": "2022-10-14T10:36:50.845Z",
    "changed_at": "2022-10-14T10:36:50.845Z",
    "deleted_at": null,
    "is_deleted": false,
    "type": [
      2,
      3
    ]
  }
},
{
  "model": "tracker_app.task",
  "pk": 14,
  "fields": {
    "summary": "Yyyyy",
    "description": "lmibij lpojPOKDMl ijNDOIjn kjNDBIOjn",
    "status": 2,
    "project": null,
    "created_at": "2022-10-14T10:37:09.440Z",
    "changed_at": "2022-10-14T10:37:09.440Z",
    "deleted_at": null,
    "is_deleted": false,
    "type": [
      2,
      3
    ]
  }
},
{
  "model": "tracker_app.task",
  "pk": 15,
  "fields": {
    "summary": "Uty hghb k",
    "description": "ijhibkjninj ijhijnjn ijhiOLwdmp lkjWDPMljfnbi",
    "status": 1,
    "project": null,
    "created_at": "2022-10-14T10:37:26.279Z",
    "changed_at": "2022-10-14T10:37:26.279Z",
    "deleted_at": null,
    "is_deleted": false,
    "type": [
      1
    ]
  }
},
{
  "model": "tracker_app.task",
  "pk": 16,
  "fields": {
    "summary": "Pyti",
    "description": "bug bug bug",
    "status": 2,
    "project": null,
    "created_at": "2022-10-14T10:37:48.228Z",
    "changed_at": "2022-10-14T10:37:48.228Z",
    "deleted_at": null,
    "is_deleted": false,
    "type": [
      1,
      2
    ]
  }
},
{
  "model": "tracker_app.task",
  "pk": 17,
  "fields": {
    "summary": "Home work X",
    "description": "Xxxx x.  x. x. x. x. x",
    "status": 1,
    "project": 1,
    "created_at": "2022-10-14T10:38:12.959Z",
    "changed_at": "2022-10-20T18:26:52.822Z",
    "deleted_at": null,
    "is_deleted": false,
    "type": [
      1
    ]
  }
},
{
  "model": "tracker_app.task",
  "pk": 18,
  "fields": {
    "summary": "KKK",
    "description": "Wash the car",
    "status": 1,
    "project": null,
    "created_at": "2022-10-14T13:49:36.499Z",
    "changed_at": "2022-10-19T08:33:01.570Z",
    "deleted_at": "2022-10-19T08:33:01.570Z",
    "is_deleted": true,
    "type": [
      1
    ]
  }
},
{
  "model": "tracker_app.type",
  "pk": 1,
  "fields": {
    "name": "Task",
    "created_at": "2022-10-06T20:06:07.471Z",
    "update_at": "2022-10-06T20:06:07.471Z"
  }
},
{
  "model": "tracker_app.type",
  "pk": 2,
  "fields": {
    "name": "Bug",
    "created_at": "2022-10-06T20:06:26.519Z",
    "update_at": "2022-10-06T20:06:26.519Z"
  }
},
{
  "model": "tracker_app.type",
  "pk": 3,
  "fields": {
    "name": "Enhancement",
    "created_at": "2022-10-06T20:07:12.281Z",
    "update_at": "2022-10-06T20:07:12.281Z"
  }
},
{
  "model": "tracker_app.status",
  "pk": 1,
  "fields": {
    "name": "New",
    "created_at": "2022-10-06T20:08:13.837Z",
    "update_at": "2022-10-06T20:08:13.837Z"
  }
},
{
  "model": "tracker_app.status",
  "pk": 2,
  "fields": {
    "name": "In Progress",
    "created_at": "2022-10-06T20:08:34.125Z",
    "update_at": "2022-10-06T20:08:34.125Z"
  }
},
{
  "model": "tracker_app.status",
  "pk": 3,
  "fields": {
    "name": "Done",
    "created_at": "2022-10-06T20:08:48.793Z",
    "update_at": "2022-10-06T20:08:48.793Z"
  }
},
{
  "model": "tracker_app.project",
  "pk": 1,
  "fields": {
    "start_date": "2022-09-22",
    "finish_date": "2022-11-22",
    "title": "Project1",
    "description": "Some desript for project1",
    "created_at": "2022-10-14T13:14:04.367Z",
    "changed_at": "2022-10-14T13:14:04.368Z",
    "deleted_at": null,
    "is_deleted": false
  }
},
{
  "model": "tracker_app.project",
  "pk": 2,
  "fields": {
    "start_date": "2022-10-12",
    "finish_date": "2022-10-30",
    "title": "Project2",
    "description": "Some desript for project2",
    "created_at": "2022-10-14T13:15:13.865Z",
    "changed_at": "2022-10-14T13:15:13.866Z",
    "deleted_at": null,
    "is_deleted": false
  }
},
{
  "model": "tracker_app.project",
  "pk": 3,
  "fields": {
    "start_date": "2022-10-22",
    "finish_date": "2022-11-15",
    "title": "Project 3",
    "description": "descript for project 3",
    "created_at": "2022-10-14T14:18:30.993Z",
    "changed_at": "2022-10-20T18:20:36.110Z",
    "deleted_at": "2022-10-20T18:20:36.110Z",
    "is_deleted": true
  }
},
{
  "model": "tracker_app.project",
  "pk": 4,
  "fields": {
    "start_date": "2022-10-22",
    "finish_date": "2022-11-15",
    "title": "Project 3",
    "description": "descript for project 3",
    "created_at": "2022-10-14T14:24:48.598Z",
    "changed_at": "2022-10-20T18:20:25.336Z",
    "deleted_at": "2022-10-20T18:20:25.336Z",
    "is_deleted": true
  }
},
{
  "model": "tracker_app.project",
  "pk": 5,
  "fields": {
    "start_date": "2022-10-22",
    "finish_date": "2022-11-15",
    "title": "Project 3",
    "description": "descript for project 3",
    "created_at": "2022-10-14T14:24:55.780Z",
    "changed_at": "2022-10-20T18:16:07.211Z",
    "deleted_at": "2022-10-20T18:16:07.211Z",
    "is_deleted": true
  }
},
{
  "model": "tracker_app.project",
  "pk": 6,
  "fields": {
    "start_date": "2022-10-22",
    "finish_date": "2022-11-15",
    "title": "Project 3",
    "description": "descript for project 3",
    "created_at": "2022-10-14T14:26:15.044Z",
    "changed_at": "2022-10-14T14:26:15.044Z",
    "deleted_at": null,
    "is_deleted": false
  }
},
{
  "model": "tracker_app.project",
  "pk": 7,
  "fields": {
    "start_date": "2022-10-24",
    "finish_date": "2022-11-11",
    "title": "Project 4",
    "description": "Wash the car",
    "created_at": "2022-10-14T14:32:24.231Z",
    "changed_at": "2022-10-14T14:32:24.232Z",
    "deleted_at": null,
    "is_deleted": false
  }
},
{
  "model": "tracker_app.project",
  "pk": 8,
  "fields": {
    "start_date": "2022-10-22",
    "finish_date": "2022-11-11",
    "title": "GGGGG",
    "description": "ggggggg ggggg ggg",
    "created_at": "2022-10-19T08:30:26.675Z",
    "changed_at": "2022-10-29T18:22:27.351Z",
    "deleted_at": "2022-10-26T09:48:29Z",
    "is_deleted": false
  }
},
{
  "model": "tracker_app.project",
  "pk": 9,
  "fields": {
    "start_date": "2022-10-22",
    "finish_date": "2022-11-30",
    "title": "Last",
    "description": "Last project",
    "created_at": "2022-10-20T18:12:54.976Z",
    "changed_at": "2022-10-29T18:22:23.184Z",
    "deleted_at": "2022-10-29T18:20:04Z",
    "is_deleted": false
  }
},
{
  "model": "tracker_app.project",
  "pk": 10,
  "fields": {
    "start_date": "2022-10-25",
    "finish_date": "2022-12-15",
    "title": "Expo",
    "description": "Example of expo",
    "created_at": "2022-10-20T18:25:11.440Z",
    "changed_at": "2022-10-29T18:22:18.884Z",
    "deleted_at": "2022-10-27T18:44:06Z",
    "is_deleted": false
  }
},
{
  "model": "tracker_app.project",
  "pk": 11,
  "fields": {
    "start_date": "2022-10-25",
    "finish_date": "2022-11-15",
    "title": "Tuesday",
    "description": "Example",
    "created_at": "2022-10-25T12:57:49.016Z",
    "changed_at": "2022-10-29T18:22:05.256Z",
    "deleted_at": "2022-10-27T18:43:14Z",
    "is_deleted": false
  }
},
{
  "model": "tracker_app.projectuser",
  "pk": 2,
  "fields": {
    "user": [
      "dev"
    ],
    "project": 11
  }
},
{
  "model": "tracker_app.projectuser",
  "pk": 3,
  "fields": {
    "user": [
      "lead"
    ],
    "project": 11
  }
},
{
  "model": "tracker_app.projectuser",
  "pk": 4,
  "fields": {
    "user": [
      "lead"
    ],
    "project": 10
  }
},
{
  "model": "tracker_app.projectuser",
  "pk": 5,
  "fields": {
    "user": [
      "manager"
    ],
    "project": 10
  }
},
{
  "model": "tracker_app.projectuser",
  "pk": 7,
  "fields": {
    "user": [
      "lead"
    ],
    "project": 9
  }
},
{
  "model": "tracker_app.projectuser",
  "pk": 8,
  "fields": {
    "user": [
      "dev"
    ],
    "project": 9
  }
},
{
  "model": "tracker_app.projectuser",
  "pk": 9,
  "fields": {
    "user": [
      "manager"
    ],
    "project": 9
  }
},
{
  "model": "admin.logentry",
  "pk": 1,
  "fields": {
    "action_time": "2022-10-20T18:16:02.340Z",
    "user": [
      "admin"
    ],
    "content_type": [
      "tracker_app",
      "project"
    ],
    "object_id": "5",
    "object_repr": "Project 3 - descript for project 3 - 2022-10-22 - 2022-11-15",
    "action_flag": 3,
    "change_message": ""
  }
},
{
  "model": "admin.logentry",
  "pk": 2,
  "fields": {
    "action_time": "2022-10-20T18:16:07.209Z",
    "user": [
      "admin"
    ],
    "content_type": [
      "tracker_app",
      "project"
    ],
    "object_id": "5",
    "object_repr": "Project 3 - descript for project 3 - 2022-10-22 - 2022-11-15",
    "action_flag": 3,
    "change_message": ""
  }
},
{
  "model": "admin.logentry",
  "pk": 3,
  "fields": {
    "action_time": "2022-10-20T18:16:22.258Z",
    "user": [
      "admin"
    ],
    "content_type": [
      "tracker_app",
      "project"
    ],
    "object_id": "4",
    "object_repr": "Project 3 - descript for project 3 - 2022-10-22 - 2022-11-15",
    "action_flag": 3,
    "change_message": ""
  }
},
{
  "model": "admin.logentry",
  "pk": 4,
  "fields": {
    "action_time": "2022-10-20T18:20:25.331Z",
    "user": [
      "admin"
    ],
    "content_type": [
      "tracker_app",
      "project"
    ],
    "object_id": "4",
    "object_repr": "Project 3 - descript for project 3 - 2022-10-22 - 2022-11-15",
    "action_flag": 3,
    "change_message": ""
  }
},
{
  "model": "admin.logentry",
  "pk": 5,
  "fields": {
    "action_time": "2022-10-20T18:20:36.109Z",
    "user": [
      "admin"
    ],
    "content_type": [
      "tracker_app",
      "project"
    ],
    "object_id": "3",
    "object_repr": "Project 3 - descript for project 3 - 2022-10-22 - 2022-11-15",
    "action_flag": 3,
    "change_message": ""
  }
},
{
  "model": "admin.logentry",
  "pk": 6,
  "fields": {
    "action_time": "2022-10-25T12:49:02.226Z",
    "user": [
      "admin"
    ],
    "content_type": [
      "auth",
      "group"
    ],
    "object_id": "1",
    "object_repr": "Project Manager",
    "action_flag": 1,
    "change_message": "[{\"added\": {}}]"
  }
},
{
  "model": "admin.logentry",
  "pk": 7,
  "fields": {
    "action_time": "2022-10-25T12:49:57.990Z",
    "user": [
      "admin"
    ],
    "content_type": [
      "auth",
      "group"
    ],
    "object_id": "2",
    "object_repr": "Team Lead",
    "action_flag": 1,
    "change_message": "[{\"added\": {}}]"
  }
},
{
  "model": "admin.logentry",
  "pk": 8,
  "fields": {
    "action_time": "2022-10-25T12:50:53.620Z",
    "user": [
      "admin"
    ],
    "content_type": [
      "auth",
      "group"
    ],
    "object_id": "3",
    "object_repr": "Developer",
    "action_flag": 1,
    "change_message": "[{\"added\": {}}]"
  }
},
{
  "model": "admin.logentry",
  "pk": 9,
  "fields": {
    "action_time": "2022-10-26T08:17:58.506Z",
    "user": [
      "admin"
    ],
    "content_type": [
      "auth",
      "user"
    ],
    "object_id": "4",
    "object_repr": "dev",
    "action_flag": 2,
    "change_message": "[{\"changed\": {\"fields\": [\"Groups\"]}}]"
  }
},
{
  "model": "admin.logentry",
  "pk": 10,
  "fields": {
    "action_time": "2022-10-26T08:18:41.421Z",
    "user": [
      "admin"
    ],
    "content_type": [
      "auth",
      "user"
    ],
    "object_id": "3",
    "object_repr": "lead",
    "action_flag": 2,
    "change_message": "[{\"changed\": {\"fields\": [\"Groups\"]}}]"
  }
},
{
  "model": "admin.logentry",
  "pk": 11,
  "fields": {
    "action_time": "2022-10-26T08:18:50.520Z",
    "user": [
      "admin"
    ],
    "content_type": [
      "auth",
      "user"
    ],
    "object_id": "2",
    "object_repr": "manager",
    "action_flag": 2,
    "change_message": "[{\"changed\": {\"fields\": [\"Groups\"]}}]"
  }
},
{
  "model": "admin.logentry",
  "pk": 12,
  "fields": {
    "action_time": "2022-10-29T18:22:05.263Z",
    "user": [
      "admin"
    ],
    "content_type": [
      "tracker_app",
      "project"
    ],
    "object_id": "11",
    "object_repr": "Tuesday - Example - 2022-10-25 - 2022-11-15",
    "action_flag": 2,
    "change_message": "[{\"changed\": {\"fields\": [\"\\u0423\\u0434\\u0430\\u043b\\u0435\\u043d\\u043e\"]}}]"
  }
},
{
  "model": "admin.logentry",
  "pk": 13,
  "fields": {
    "action_time": "2022-10-29T18:22:18.886Z",
    "user": [
      "admin"
    ],
    "content_type": [
      "tracker_app",
      "project"
    ],
    "object_id": "10",
    "object_repr": "Expo - Example of expo - 2022-10-25 - 2022-12-15",
    "action_flag": 2,
    "change_message": "[{\"changed\": {\"fields\": [\"\\u0423\\u0434\\u0430\\u043b\\u0435\\u043d\\u043e\"]}}]"
  }
},
{
  "model": "admin.logentry",
  "pk": 14,
  "fields": {
    "action_time": "2022-10-29T18:22:23.186Z",
    "user": [
      "admin"
    ],
    "content_type": [
      "tracker_app",
      "project"
    ],
    "object_id": "9",
    "object_repr": "Last - Last project - 2022-10-22 - 2022-11-30",
    "action_flag": 2,
    "change_message": "[{\"changed\": {\"fields\": [\"\\u0423\\u0434\\u0430\\u043b\\u0435\\u043d\\u043e\"]}}]"
  }
},
{
  "model": "admin.logentry",
  "pk": 15,
  "fields": {
    "action_time": "2022-10-29T18:22:27.353Z",
    "user": [
      "admin"
    ],
    "content_type": [
      "tracker_app",
      "project"
    ],
    "object_id": "8",
    "object_repr": "GGGGG - ggggggg ggggg ggg - 2022-10-22 - 2022-11-11",
    "action_flag": 2,
    "change_message": "[{\"changed\": {\"fields\": [\"\\u0423\\u0434\\u0430\\u043b\\u0435\\u043d\\u043e\"]}}]"
  }
}
]
